seed,status,round,actions,errors,invalid,winner,captures,livePrisoners
57001,finished,6,108,0,0,Ортайн,1,1
57002,finished,6,108,0,0,Варкайр,0,0
57003,finished,6,108,0,0,Ортайн,0,0
57004,finished,6,108,0,0,Варкайр,0,0
57005,finished,6,108,0,0,Ортайн,0,0
57006,finished,6,108,0,0,Варкайр,0,0
57007,finished,6,108,0,0,Ортайн,0,0
57008,finished,6,108,0,0,Эркай,0,0
57009,finished,6,108,0,0,Сайрвен,0,0
57010,finished,6,108,0,0,Ортайн,1,1
57011,finished,6,108,0,0,Ортайн,1,1
57012,finished,6,108,0,0,Эркай,1,1
57013,finished,6,108,0,0,Ортайн,0,0
57014,finished,6,108,0,0,Эркай,0,0
57015,finished,6,108,0,0,Ортайн,0,0
57016,finished,6,108,0,0,Варкайр,1,1
57017,finished,6,108,0,0,Варкайр,0,0
57018,finished,6,108,0,0,Эркай,0,0
57019,finished,6,108,0,0,Ортайн,0,0
57020,finished,6,108,0,0,Ортайн,0,0
57021,finished,6,108,0,0,Варкайр,0,0
57022,finished,6,108,0,0,Эркай,0,0
57023,finished,6,108,0,0,Ортайн,0,0
57024,finished,6,108,0,0,Ортайн,0,0
57025,finished,6,108,0,0,Эркай,0,0
57026,finished,6,108,0,0,Эркай,0,0
57027,finished,6,108,0,0,Ортайн,1,1
57028,finished,6,108,0,0,Эркай,1,1
57029,finished,6,108,0,0,Эркай,1,1
57030,finished,6,108,0,0,Варкайр,0,0
57031,finished,6,108,0,0,Ортайн,0,0
57032,finished,6,108,0,0,Варкайр,1,1
57033,finished,6,108,0,0,Эркай,0,0
57034,finished,6,108,0,0,Ортайн,0,0
57035,finished,6,108,0,0,Варкайр,0,0
57036,finished,6,108,0,0,Эркай,1,1
57037,finished,6,108,0,0,Эркай,0,0
57038,finished,6,108,0,0,Варкайр,1,1
57039,finished,6,108,0,0,Ортайн,0,0
57040,finished,6,108,0,0,Тасвар,1,1
57041,finished,6,108,0,0,Варкайр,1,0
57042,finished,6,108,0,0,Ортайн,0,0
57043,finished,6,108,0,0,Эркай,0,0
57044,finished,6,108,0,0,Эркай,0,0
57045,finished,6,108,0,0,Ортайн,1,1
57046,finished,6,108,0,0,Эркай,0,0
57047,finished,6,108,0,0,Эркай,1,1
57048,finished,6,108,0,0,Варкайр,1,1
57049,finished,6,108,0,0,Ортайн,0,0
57050,finished,6,108,0,0,Ортайн,0,0
57051,finished,6,108,0,0,Ортайн,0,0
57052,finished,6,108,0,0,Эркай,0,0
57053,finished,6,108,0,0,Варкайр,1,1
57054,finished,6,108,0,0,Эркай,0,0
57055,finished,6,108,0,0,Эркай,0,0
57056,finished,6,108,0,0,Ортайн,0,0
57057,finished,6,108,0,0,Эркай,0,0
57058,finished,6,108,0,0,Варкайр,0,0
57059,finished,6,108,0,0,Ортайн,2,2
57060,finished,6,108,0,0,Эркай,0,0
57061,finished,6,108,0,0,Эркай,0,0
57062,finished,6,108,0,0,Варкайр,1,1
57063,finished,6,108,0,0,Ортайн,0,0
57064,finished,6,108,0,0,Эркай,0,0
57065,finished,6,108,0,0,Ортайн,1,1
57066,finished,6,108,0,0,Сайрвен,0,0
57067,finished,6,108,0,0,Эркай,0,0
57068,finished,6,108,0,0,Эркай,1,1
57069,finished,6,108,0,0,Варкайр,0,0
57070,finished,6,108,0,0,Ортайн,0,0
57071,finished,6,108,0,0,Сайрвен,0,0
57072,finished,6,108,0,0,Сайрвен,1,1
57073,finished,6,108,0,0,Варкайр,0,0
57074,finished,6,108,0,0,Сайрвен,1,1
57075,finished,6,108,0,0,Сайрвен,1,1
57076,finished,6,108,0,0,Сайрвен,1,1
57077,finished,6,108,0,0,Варкайр,0,0
57078,finished,6,108,0,0,Ортайн,0,0
57079,finished,6,108,0,0,Варкайр,0,0
57080,finished,6,108,0,0,Ортайн,0,0
57081,finished,6,108,0,0,Варкайр,0,0
57082,finished,6,108,0,0,Варкайр,0,0
57083,finished,6,108,0,0,Эркай,0,0
57084,finished,6,108,0,0,Ортайн,0,0
57085,finished,6,108,0,0,Ортайн,1,1
57086,finished,6,108,0,0,Ортайн,0,0
57087,finished,6,108,0,0,Ортайн,0,0
57088,finished,6,108,0,0,Варкайр,0,0
57089,finished,6,108,0,0,Сайрвен,0,0
57090,finished,6,108,0,0,Эркай,0,0
57091,finished,6,108,0,0,Ортайн,1,1
57092,finished,6,108,0,0,Ортайн,0,0
57093,finished,6,108,0,0,Сайрвен,1,1
57094,finished,6,108,0,0,Эркай,0,0
57095,finished,6,108,0,0,Эркай,1,1
57096,finished,6,108,0,0,Эркай,0,0
57097,finished,6,108,0,0,Эркай,0,0
57098,finished,6,108,0,0,Ортайн,0,0
57099,finished,6,108,0,0,Варкайр,0,0
57100,finished,6,108,0,0,Ортайн,0,0
